ShortName;ShortNameAlt;SecDescriptionFull;SecDescriptionFullAlt;ISIN;ValorSymbol;ValorSymbolAlt;ValorNumber;TradingBaseCurrency;Exchange;GeographicalAreaCode;GeographicalAreaDesc;IndustrySectorCode;IndustrySectorDesc;SecTypeCode;SecTypeDesc;IssuerNameShort;ListingTypeCode;ListingTypeDesc;ListingMemberOrgAbbrev;AcceptOrdersDate;FirstTradingDate;LastTradingDate;SmallestTradeableUnit;PriceStepGroupCode;PriceStepGroupDesc;StopTradingRange;StopTradingRangeType;StopTradingDuration;SettlementCycleDays;AutomaticSettlementFlag;ProductLine;NominalValue;NominalCurrency;NumberInIssue;DividendEntitlementFlag;DividendFrequencyCode;SecCode;CCPEligibleFlag
ABB LTD N 2. LINIE;ABB LTD N 2. LINIE;ABB Ltd, Zürich;ABB Ltd, Zürich;CH0357679619;ABBNE;ABBNE;35767961;CHF;XSWX;CH;Switzerland;012;Misc. Industrials;RS;Registered share;ABB Ltd;IR;International Reporting Standard;N/A;20200722;20200723;20210324;1;LE;LE;;4;30;2;0;DS;0.12;CHF;1;1;;3498943;0
ACHIKO N;ACHIKO N;Achiko AG, Zurich;Achiko AG, Zurich;CH0522213468;ACHI;ACHI;52221346;CHF;XSWX;CH;Switzerland;005;Misc. services;RS;Registered share;Achiko AG;IR;International Reporting Standard;N/A;20200618;20200619;;1;LB;LB;10;1;300;2;1;DS;0.01;CHF;108903900;1;;3491863;1
ADDEX N;ADDEX N;Addex Therapeutics Ltd.;Addex Therapeutics Ltd.;CH0029850754;ADXN;ADXN;2985075;CHF;XSWX;CH;Switzerland;008;Chemicals, Pharma;RS;Registered share;Addex Therapeutics Ltd;IR;International Reporting Standard;N/A;20070521;20070522;;1;LB;LB;10;1;300;2;1;DS;1;CHF;39748635;1;;69758;1
ADECCO N 2. LINIE;ADECCO N 2. LINIE;Adecco Group AG, Zürich;Adecco Group AG, Zürich;CH0532347462;ADENE;ADENE;53234746;CHF;XSWX;CH;Switzerland;012;Misc. Industrials;RS;Registered share;Adecco;IR;International Reporting Standard;N/A;20200325;20200326;20230324;1;LE;LE;;4;30;2;0;DS;0.1;CHF;1;1;;3476467;0
ADVAL TECH N;ADVAL TECH N;Adval Tech Holding AG, Niederwangen;Adval Tech Holding SA, Niederwangen;CH0008967926;ADVN;ADVN;896792;CHF;XSWX;CH;Switzerland;012;Misc. Industrials;RS;Registered share;Adval Tech;SR;Swiss Reporting Standard;CSCH;19980603;19980604;;1;LA;LA;2;1;900;2;1;DS;20;CHF;730000;1;;14388;1
AEVIS N;AEVIS N;AEVIS VICTORIA SA;AEVIS VICTORIA SA;CH0478634105;AEVS;AEVS;47863410;CHF;XSWX;CH;Switzerland;005;Misc. services;RS;Registered share;AEVIS VICTORIA SA;SR;Swiss Reporting Standard;N/A;20190606;20190607;;1;LB;LB;2;1;900;2;1;DS;1;CHF;83499514;1;;3429690;1
AIRESIS N;AIRESIS N;Airesis SA, Clarens;Airesis SA, Clarens;CH0010947627;AIRE;AIRE;1094762;CHF;XSWX;CH;Switzerland;005;Misc. services;RS;Registered share;Airesis;IR;International Reporting Standard;BCVLA;20000714;20000717;;1;LA;LA;10;1;300;2;1;DS;0.25;CHF;62022521;1;;20203;1
ALLREAL N;ALLREAL N;Allreal Holding AG, Baar;Allreal Holding AG, Baar;CH0008837566;ALLN;ALLN;883756;CHF;XSWX;CH;Switzerland;028;Real-estate companies;RS;Registered share;Allreal Holding AG;IG;Standard for Real Estate Companies;JVCZH;20000302;20000303;;1;LC;LC;2;1;900;2;1;DS;1;CHF;15942821;1;;18861;1
ALPINE SELECT N;ALPINE SELECT N;Alpine Select AG, Zug;Alpine Select AG, Zug;CH0019199550;ALPN;ALPN;1919955;CHF;XSWX;CH;Switzerland;022;Investment companies;RS;Registered share;Alpine Select;SR;Swiss Reporting Standard;N/A;20040901;20040902;;1;LA;LA;2;1;900;2;1;DS;0.02;CHF;9257970;1;;32858;1
ALPINE SELECT N 2. LINIE;ALPINE SELECT N 2. LINIE;Alpine Select AG, Zug;Alpine Select AG, Zug;CH0550395120;ALPNE;ALPNE;55039512;CHF;XSWX;CH;Switzerland;022;Investment companies;RS;Registered share;Alpine Select;SR;Swiss Reporting Standard;N/A;20200625;20200626;20220531;1;LA;LA;;4;30;2;0;DS;0.02;CHF;1;1;;3494329;0
ALSO N;ALSO N;ALSO Holding AG, Emmen;ALSO Holding AG, Emmen;CH0024590272;ALSN;ALSN;2459027;CHF;XSWX;CH;Switzerland;005;Misc. services;RS;Registered share;Also;IR;International Reporting Standard;CSCH;20060322;20060323;;1;LC;LC;2;1;900;2;1;DS;1;CHF;12848962;1;;69140;1
ALUFLEXPACK N;ALUFLEXPACK N;Aluflexpack AG, Reinach;Aluflexpack AG, Reinach;CH0453226893;AFP;AFP;45322689;CHF;XSWX;CH;Switzerland;012;Misc. Industrials;RS;Registered share;Aluflexpack AG;IR;International Reporting Standard;N/A;20190627;20190628;;1;LB;LB;2;1;900;2;1;DS;1;CHF;17300000;1;;3432724;1
APG SGA N;APG SGA N;APG SGA SA;APG SGA SA;CH0019107025;APGN;APGN;1910702;CHF;XSWX;CH;Switzerland;005;Misc. services;RS;Registered share;APG SGA SA;SR;Swiss Reporting Standard;LOCGE;20040817;20040818;;1;LC;LC;2;1;900;2;1;DS;2.6;CHF;3000000;1;;32852;1
ARBONIA N;ARBONIA N;Arbonia AG;Arbonia AG;CH0110240600;ARBN;ARBN;11024060;CHF;XSWX;CH;Switzerland;012;Misc. Industrials;RS;Registered share;AFG;IR;International Reporting Standard;UBSZH1;20100421;20100422;;1;LC;LC;2;1;900;2;1;DS;4.2;CHF;69473243;1;;71864;1
Arundel N;Arundel N;Arundel AG, London;Arundel AG, London;CH0002271010;ARON;ARON;227101;CHF;XSWX;CH;Switzerland;028;Real-estate companies;RS;Registered share;Arundel AG;IR;International Reporting Standard;N/A;20050728;20050729;;1;LA;LA;10;1;300;2;1;DS;1;CHF;15115164;1;;33470;1
ARYZTA N;ARYZTA N;ARYZTA AG, Schlieren;ARYZTA AG, Schlieren;CH0043238366;ARYN;ARYN;4323836;CHF;XSWX;CH;Switzerland;009;Food, luxury goods;RS;Registered share;ARYZTA;IR;International Reporting Standard;CSCH;20180924;20180924;;1;LD;LD;10;1;300;2;1;DS;0.02;CHF;993105727;1;;3397118;1
ASCOM N;ASCOM N;Ascom Holding AG, Baar;Ascom Holding S.A., Baar;CH0011339204;ASCN;ASCN;1133920;CHF;XSWX;CH;Switzerland;010;Electrical engineering & electronics;RS;Registered share;Ascom;SR;Swiss Reporting Standard;UBSZH1;20001107;20001108;;1;LC;LC;2;1;900;2;1;DS;0.5;CHF;36000000;1;;21820;1
ASMALLWORLD N;ASMALLWORLD;ASMALLWORLD AG, Zürich;ASMALLWORLD AG, Zürich;CH0404880129;ASWN;ASWN;40488012;CHF;XSWX;CH;Switzerland;005;Misc. services;RS;Registered share;ASMALLWORLD AG;SR;Swiss Reporting Standard;N/A;20180319;20180320;;1;LB;LB;10;1;300;2;1;DS;1;CHF;11367153;1;;3378039;1
AUTONEUM N;AUTONEUM N;Autoneum Holding AG, Winterthur;Autoneum Holding AG, Winterthur;CH0127480363;AUTN;AUTN;12748036;CHF;XSWX;CH;Switzerland;006;Machinery;RS;Registered share;Autoneum;IR;International Reporting Standard;CSCH;20110512;20110513;;1;LD;LD;2;1;900;2;1;DS;0.05;CHF;4672363;1;;74264;1
BACHEM N -B-;BACHEM N -B-;Bachem Holding AG, Bubendorf;Bachem Holding AG, Bubendorf;CH0012530207;BANB;BANB;1253020;CHF;XSWX;CH;Switzerland;008;Chemicals, Pharma;RS;Registered share;Bachem Holding AG;SR;Swiss Reporting Standard;N/A;20010628;20010629;;1;LC;LC;2;1;900;2;1;DS;0.05;CHF;6997941;1;;25517;1
BALOISE N;BALOISE N;Bâloise Holding AG, Basel;Bâloise Holding SA, Bale;CH0012410517;BALN;BALN;1241051;CHF;XSWX;CH;Switzerland;002;Insurances;RS;Registered share;Bâloise;IR;International Reporting Standard;N/A;20180924;20180924;;1;LD;LD;2;1;300;2;1;DS;0.1;CHF;48800000;1;;3397034;1
BANQUE PROFIL DE GESTION N;BANQUE PROFIL DE GESTION N;Banque Profil de Gestion S.A., Genève;Banque Profil de Gestion S.A., Genève;CH0473243506;BPDG;BPDG;47324350;CHF;XSWX;CH;Switzerland;001;Banks;RS;Registered share;Banque Profil de Gestion S.A.;SR;Swiss Reporting Standard;BCVLA;20190516;20190517;;1;LA;LA;10;1;300;2;1;DS;1;CHF;14430600;1;;3427056;1
BARRY CALLEBAUT N;BARRY CALLEBAUT N;Barry Callebaut AG, Zürich;Barry Callebaut S.A., Zürich;CH0009002962;BARN;BARN;900296;CHF;XSWX;CH;Switzerland;009;Food, luxury goods;RS;Registered share;Barry Callebaut;IR;International Reporting Standard;CSCH;19980612;19980615;;1;LD;LD;2;1;300;2;1;DS;0.02;CHF;5488858;1;;14429;1
BASELLAND KB PS;BC BALE CAMPAGNE BP;Basellandschaftliche Kantonalbank, Liestal;Basellandschaftliche Kantonalbank, Liestal;CH0001473559;BLKB;BLKB;147355;CHF;XSWX;CH;Switzerland;001;Banks;PC;Participation certificate;Basellandschaftliche Kantonalb;SR;Swiss Reporting Standard;ZKBZH;19960802;19960802;;1;LB;LB;2;1;900;2;1;DS;100;CHF;570000;1;;1197;1
BASILEA N;BASILEA N;Basilea Pharmaceutica AG;Basilea Pharmaceutica AG;CH0011432447;BSLN;BSLN;1143244;CHF;XSWX;CH;Switzerland;008;Chemicals, Pharma;RS;Registered share;Basilea Pharmaceutica AG;IR;International Reporting Standard;CSCH;20040324;20040325;;1;LD;LD;2;1;900;2;1;DS;1;CHF;12929349;1;;32762;1
BASLER KB PS;BC BALE BP;Basler Kantonalbank, Basel;Banque Cantonale de Bale. Bale;CH0009236461;BSKP;BSKP;923646;CHF;XSWX;CH;Switzerland;001;Banks;PC;Participation certificate;Basler Kantonalbank;SR;Swiss Reporting Standard;BKBBS;19980709;19980710;;1;LB;LB;2;1;900;2;1;DS;8.5;CHF;5900000;1;;14500;1
BB BIOTECH N;BB BIOTECH N;BB Biotech AG, Schaffhausen;BB Biotech AG, Schaffhausen;CH0038389992;BION;BION;3838999;CHF;XSWX;CH;Switzerland;022;Investment companies;RS;Registered share;Biotech;IV;Standard for Investment Companies;BABZH;20080421;20080422;;1;LD;LD;2;1;300;2;1;DS;0.2;CHF;55400000;1;;70220;1
BB BIOTECH N 2. LINIE;BB BIOTECH N 2. LINIE;BB Biotech AG, Schaffhausen;BB Biotech AG, Schaffhausen;CH0027659793;BIOEE;BIOEE;2765979;CHF;XSWX;CH;Switzerland;022;Investment companies;RS;Registered share;Biotech;IV;Standard for Investment Companies;N/A;20061107;20061108;20220411;1;LD;LD;;4;30;2;0;DS;0.2;CHF;1;1;;69410;0
BC GENEVE N;BC GENEVE N;Banque Cantonale de Genève;Banque Cantonale de Genève;CH0350494719;BCGE;BCGE;35049471;CHF;XSWX;CH;Switzerland;001;Banks;RS;Registered share;Banque Cantonale de Genève;SR;Swiss Reporting Standard;BCGGE;20170201;20170202;;1;LB;LB;2;1;900;2;1;DS;50;CHF;7200000;1;;3333120;1
BC JURA N;BC JURA N;Banque Cantonale du Jura SA;Banque Cantonale du Jura SA;CH0350665672;BCJ;BCJ;35066567;CHF;XSWX;CH;Switzerland;001;Banks;RS;Registered share;Banque Cantonale du Jura SA;SR;Swiss Reporting Standard;N/A;20170504;20170505;;1;LA;LA;2;1;900;2;1;DS;14;CHF;3000000;0;;3341980;1
BC VAUD N;BC VAUD N;Banque Cantonale Vaudoise, Lausanne;Banque Cantonale Vaudoise, Lausanne;CH0531751755;BCVN;BCVN;53175175;CHF;XSWX;CH;Switzerland;001;Banks;RS;Registered share;Banque Cantonale Vaudoise;SR;Swiss Reporting Standard;BCVLA;20200527;20200528;;1;LC;LC;2;1;900;2;1;DS;1;CHF;86061900;1;;3487878;1
BEKB / BCBE N;BEKB / BCBE N;BEKB / BCBE, Bern;BEKB / BCBE, Bern;CH0009691608;BEKN;BEKN;969160;CHF;XSWX;CH;Switzerland;001;Banks;RS;Registered share;Berner Kantonalbank AG;SR;Swiss Reporting Standard;ZKBZH;20000731;20000802;;1;LC;LC;2;1;900;2;1;DS;20;CHF;9320000;1;;20189;1
BELIMO N;BELIMO N;BELIMO Holding AG, Hinwil;BELIMO Holding AG, Hinwil;CH0001503199;BEAN;BEAN;150319;CHF;XSWX;CH;Switzerland;010;Electrical engineering & electronics;RS;Registered share;BELIMO;IR;International Reporting Standard;CSCH;19960802;19960802;;1;LC;LC;2;1;900;2;1;DS;1;CHF;615000;1;;11359;1
BELL FOOD GROUP N;BELL FOOD GROUP N;Bell Food Group AG, Basel;Bell Food Group AG, Basel;CH0315966322;BELL;BELL;31596632;CHF;XSWX;CH;Switzerland;009;Food, luxury goods;RS;Registered share;Bell Food Group;SR;Swiss Reporting Standard;UBSZH2;20160427;20160428;;1;LC;LC;2;1;900;2;1;DS;0.5;CHF;6285712;1;;3305318;1
BELLEVUE GROUP N;BELLEVUE GROUP N;Bellevue Group AG;Bellevue Group AG;CH0028422100;BBN;BBN;2842210;CHF;XSWX;CH;Switzerland;001;Banks;RS;Registered share;Bellevue Group AG;IR;International Reporting Standard;JVCZH;20070112;20070115;;1;LB;LB;2;1;900;2;1;DS;0.1;CHF;13461428;1;;69476;1
BK LINTH N;BQ LINTH N;Bank Linth LLB AG, Uznach;Bank Linth LLB AG, Uznach;CH0001307757;LINN;LINN;130775;CHF;XSWX;CH;Switzerland;001;Banks;RS;Registered share;Bank Linth LLB;SR;Swiss Reporting Standard;CSCH;19960802;19960802;;1;LA;LA;2;1;900;2;1;DS;20;CHF;805403;1;;1147;1
BKW N;BKW N;BKW AG, Bern;BKW AG, Bern;CH0130293662;BKW;BKW;13029366;CHF;XSWX;CH;Switzerland;007;Utilities;RS;Registered share;BKW AG;IR;International Reporting Standard;N/A;20111209;20111212;;1;LC;LC;2;1;900;2;1;DS;2.5;CHF;52800000;1;;3105761;1
Blackstone Resources N;Blackstone Resources N;Blackstone Resources AG, Zug;Blackstone Resources AG, Zug;CH0460027110;BLS;BLS;46002711;CHF;XSWX;CH;Switzerland;012;Misc. Industrials;RS;Registered share;Blackstone Resources AG;IR;International Reporting Standard;N/A;20190207;20190208;;1;LA;LA;10;1;300;2;1;DS;0.5;CHF;42700000;1;;3415752;1
BOBST GRP N;BOBST GRP N;Bobst Group SA, Mex;Bobst Group SA, Mex;CH0012684657;BOBNN;BOBNN;1268465;CHF;XSWX;CH;Switzerland;006;Machinery;RS;Registered share;Bobst Group SA;SR;Swiss Reporting Standard;N/A;20011109;20011112;;1;LD;LD;2;1;900;2;1;DS;1;CHF;16518478;1;;27730;1
BOSSARD N;BOSSARD N;Bossard Holding AG, Zug;Bossard Holding AG, Zug;CH0238627142;BOSN;BOSN;23862714;CHF;XSWX;CH;Switzerland;012;Misc. Industrials;RS;Registered share;Bossard;SR;Swiss Reporting Standard;N/A;20140411;20140414;;1;LC;LC;2;1;900;2;1;DS;5;CHF;6650000;1;;3217436;1
BUCHER N;BUCHER N;Bucher Industries AG, Niederweningen;Bucher Industries AG, Niederweningen;CH0002432174;BUCN;BUCN;243217;CHF;XSWX;CH;Switzerland;006;Machinery;RS;Registered share;Bucher Industries;SR;Swiss Reporting Standard;N/A;20050503;20050504;;1;LD;LD;2;1;900;2;1;DS;0.2;CHF;10250000;1;;33008;1
BURCKHARDT N;BURCKHARDT N;Burckhardt Compression Holding AG, Winterthur;Burckhardt Compression Holding AG, Winterthur;CH0025536027;BCHN;BCHN;2553602;CHF;XSWX;CH;Switzerland;012;Misc. Industrials;RS;Registered share;Burckhardt Compression;SR;Swiss Reporting Standard;N/A;20060623;20060626;;1;LC;LC;2;1;900;2;1;DS;2.5;CHF;3400000;1;;69242;1
BURKHALTER N;BURKHALTER N;Burkhalter Holding AG, Zürich;Burkhalter Holding AG, Zürich;CH0212255803;BRKN;BRKN;21225580;CHF;XSWX;CH;Switzerland;010;Electrical engineering & electronics;RS;Registered share;Burkhalter Holding AG;SR;Swiss Reporting Standard;ZKBZH;20130528;20130529;;1;LC;LC;2;1;900;2;1;DS;0.04;CHF;5998149;1;;3177115;1
BVZ HOL N;BVZ HOL N;BVZ Holding AG, Brig;BVZ Holding AG, Brig;CH0008207356;BVZN;BVZN;820735;CHF;XSWX;CH;Switzerland;003;Transport;RS;Registered share;BVZ Holding AG;SR;Swiss Reporting Standard;UBSZH1;19990818;19990819;;1;LA;LA;2;1;900;2;1;DS;100;CHF;197278;1;;16754;1
CALIDA N;CALIDA N;Calida Holding AG, Oberkirch;Calida Holding AG, Oberkirch;CH0126639464;CALN;CALN;12663946;CHF;XSWX;CH;Switzerland;012;Misc. Industrials;RS;Registered share;Calida;IR;International Reporting Standard;CSCH;20110415;20110418;;1;LB;LB;2;1;900;2;1;DS;0.1;CHF;8257351;1;;73988;1
CASTLE ALT N;CASTLE ALT N;Castle Alternative Invest AG, Pfäffikon;Castle Alternative Invest S.A., Pfäffikon;CH0005092751;CASN;CASN;509275;CHF;XSWX;CH;Switzerland;022;Investment companies;RS;Registered share;Castle Alternative;IV;Standard for Investment Companies;ICBCH;19970409;19970410;;1;LA;LA;2;1;900;2;1;DS;0.05;CHF;5043659;1;;12925;1
CASTLE PRIVATE N;CASTLE PRIVATE N;Castle Private Equity AG, Pfäffikon SZ;Castle Private Equity AG, Pfäffikon SZ;CH0048854746;CPEN;CPEN;4885474;CHF;XSWX;CH;Switzerland;022;Investment companies;RS;Registered share;Castle Private;IV;Standard for Investment Companies;UBSZH1;20081215;20081216;;1;LA;LA;2;1;900;2;1;DS;0.05;CHF;10413112;1;;70562;1
CASTLE PRIVATE N 2. LINIE;CASTLE PRIVATE N 2. LINIE;Castle Private Equity AG, Pfäffikon SZ;Castle Private Equity AG, Pfäffikon SZ;CH0184587159;CPENE;CPENE;18458715;CHF;XSWX;CH;Switzerland;022;Investment companies;RS;Registered share;Castle Private;IV;Standard for Investment Companies;N/A;20190614;20190614;20220613;1;LA;LA;;4;30;2;0;DS;0.05;CHF;1;1;;3430653;0
CEMBRA MONEY BANK N;CEMBRA MONEY BANK N;Cembra Money Bank AG, Zürich;Cembra Money Bank AG, Zürich;CH0225173167;CMBN;CMBN;22517316;CHF;XSWX;CH;Switzerland;001;Banks;RS;Registered share;Cembra Money Bank;IR;International Reporting Standard;N/A;20131029;20131030;;1;LD;LD;2;1;300;2;1;DS;1;CHF;30000000;1;;3196824;1
CFRAO  C 11/23;CFRAO  C 11/23;Compagnie Financière Richemont SA, Bellevue;Compagnie Financière Richemont SA, Bellevue;CH0559601544;CFRAO;CFRAO;55960154;CHF;XSWX;CH;Switzerland;009;Food, luxury goods;SW;Shareholder's warrant;Compagnie Financière Richemont;DR;Standard for Derivatives;N/A;20201127;20201127;20231115;1;RI;RI;;4;30;1;1;DS;;CHF;1044000000;0;;3518314;0
CI COM SA;CI COM SA;CI Com S.A., Genève;CI Com S.A., Genève;CH0001625810;CIE;CIE;162581;CHF;XSWX;CH;Switzerland;005;Misc. services;BS;Bearer share;CI Com;SR;Swiss Reporting Standard;UBSZH2;19960802;19960802;;1;LA;LA;10;1;300;2;1;DS;20;CHF;365000;1;;1225;1
CICOR TECH N;CICOR TECH N;Cicor Technologies Ltd.,  Boudry;Cicor Technologies Ltd.,  Boudry;CH0008702190;CICN;CICN;870219;CHF;XSWX;CH;Switzerland;010;Electrical engineering & electronics;RS;Registered share;Cicor Technologies Ltd.;SR;Swiss Reporting Standard;JVCZH;19980423;19980424;;1;LB;LB;2;1;900;2;1;DS;10;CHF;2902092;1;;14221;1
CIE FIN TR I;CIE FIN TR I;Compagnie financière Tradition S.A., Lausanne;Compagnie financière Tradition S.A., Lausanne;CH0014345117;CFT;CFT;1434511;CHF;XSWX;CH;Switzerland;005;Misc. services;BS;Bearer share;Tradition S.A.;IR;International Reporting Standard;N/A;20020703;20020704;;1;LB;LB;2;1;900;2;1;DS;2.5;CHF;7564718;1;;31008;1
COLTENE N;COLTENE N;COLTENE Holding AG;COLTENE Holding AG;CH0025343259;CLTN;CLTN;2534325;CHF;XSWX;CH;Switzerland;008;Chemicals, Pharma;RS;Registered share;COLTENE Holding AG;SR;Swiss Reporting Standard;N/A;20060622;20060623;;1;LC;LC;2;1;900;2;1;DS;0.1;CHF;5975580;1;;69260;1
COMET N;COMET N;Comet Holding AG, Flamatt;Comet Holding AG, Flamatt;CH0360826991;COTN;COTN;36082699;CHF;XSWX;CH;Switzerland;010;Electrical engineering & electronics;RS;Registered share;Comet Holding AG;IR;International Reporting Standard;N/A;20170425;20170426;;1;LC;LC;2;1;900;2;1;DS;1;CHF;7767887;1;;3341024;1
CONZZETA N;CONZZETA N;Conzzeta AG;Conzzeta AG;CH0244017502;CON;CON;24401750;CHF;XSWX;CH;Switzerland;012;Misc. Industrials;RS;Registered share;Conzzeta AG;SR;Swiss Reporting Standard;N/A;20140711;20140714;;1;LC;LC;2;1;900;2;1;DS;2;CHF;1827000;1;;3226769;1
CPH N;CPH N;CPH Chemie + Papier Holding AG, Perlen;CPH Chemie + Papier Holding AG, Perlen;CH0001624714;CPHN;CPHN;162471;CHF;XSWX;CH;Switzerland;008;Chemicals, Pharma;RS;Registered share;CPH Chemie + Papier Holding AG;SR;Swiss Reporting Standard;N/A;20010608;20010611;;1;LB;LB;2;1;900;2;1;DS;0.2;CHF;6000000;1;;25142;1
CREALOGIX N;CREALOGIX N;Crealogix Holding AG, Zürich;Crealogix Holding SA, Zurich;CH0011115703;CLXN;CLXN;1111570;CHF;XSWX;CH;Switzerland;005;Misc. services;RS;Registered share;Crealogix Holding AG;SR;Swiss Reporting Standard;JVCZH;20000906;20000907;;1;LB;LB;2;1;900;2;1;DS;8;CHF;1397902;1;;20967;1
CS GROUP N 2. LINIE;CS GROUP N 2. LINIE;Credit Suisse Group AG, Zürich;Credit Suisse Group AG, Zürich;CH0454225696;CSGNE;CSGNE;45422569;CHF;XSWX;CH;Switzerland;001;Banks;RS;Registered share;CSG;IR;International Reporting Standard;N/A;20200106;20200106;20211230;1;LE;LE;;4;30;2;0;DS;0.04;CHF;1;1;;3455774;0
DAETWYLER I;DAETWYLER I;Dätwyler Holding AG;Dätwyler Holding AG;CH0030486770;DAE;DAE;3048677;CHF;XSWX;CH;Switzerland;012;Misc. Industrials;BS;Bearer share;Dätwyler;SR;Swiss Reporting Standard;CSCH;20070705;20070706;;1;LC;LC;2;1;900;2;1;DS;0.05;CHF;12600000;1;;69848;1
DATACOLOR N;DATACOLOR N;Datacolor AG, Rotkreuz;Datacolor AG, Rotkreuz;CH0008531045;DCN;DCN;853104;CHF;XSWX;CH;Switzerland;012;Misc. Industrials;RS;Registered share;Datacolor;SR;Swiss Reporting Standard;UBSZH2;19980422;19980423;;1;LA;LA;2;1;900;2;1;DS;1;CHF;168044;1;;14187;1
DKSH N;DKSH N;DKSH Holding AG, Zürich;DKSH Holding AG, Zürich;CH0126673539;DKSH;DKSH;12667353;CHF;XSWX;CH;Switzerland;005;Misc. services;RS;Registered share;DKSH Holding AG;IR;International Reporting Standard;N/A;20120319;20120320;;1;LD;LD;2;1;900;2;1;DS;0.1;CHF;65042963;1;;3119156;1
dormakaba N;dormakaba N;dormakaba Holding AG, Rümlang;dormakaba Holding AG, Rümlang;CH0011795959;DOKA;DOKA;1179595;CHF;XSWX;CH;Switzerland;010;Electrical engineering & electronics;RS;Registered share;dormakaba Holding AG;SR;Swiss Reporting Standard;UBSZH1;20010209;20010212;;1;LD;LD;2;1;900;2;1;DS;0.1;CHF;4200026;1;;23324;1
DOTTIKON ES N;DOTTIKON ES N;Dottikon ES Holding AG, Dottikon;Dottikon ES Holding AG, Dottikon;CH0582581713;DESN;DESN;58258171;CHF;XSWX;CH;Switzerland;008;Chemicals, Pharma;RS;Registered share;Dottikon ES;SR;Swiss Reporting Standard;BZBZH;20201203;20201204;;1;LA;LA;2;1;900;2;1;DS;0.01;CHF;13999084;1;;3519265;1
DUFRY N;DUFRY N;Dufry AG, Basel;Dufry AG, Basel;CH0023405456;DUFN;DUFN;2340545;CHF;XSWX;CH;Switzerland;004;Retailers;RS;Registered share;Dufry AG;IR;International Reporting Standard;N/A;20190410;20190410;;1;LE;LE;2;1;300;2;1;DS;5;CHF;80263682;1;;3423137;1
EDISUN POWER EUROPE N;EDISUN POWER EUROPE N;Edisun Power Europe AG;Edisun Power Europe AG;CH0024736404;ESUN;ESUN;2473640;CHF;XSWX;CH;Switzerland;007;Utilities;RS;Registered share;Edisun Power Europe;SR;Swiss Reporting Standard;SALZH;20080925;20080926;;1;LB;LB;2;1;900;2;1;DS;30;CHF;1035821;1;;70418;1
EEII I;EEII P;EEII AG;EEII AG;CH0007162958;EEII;EEII;716295;CHF;XSWX;CH;Switzerland;022;Investment companies;BS;Bearer share;EEII AG;IV;Standard for Investment Companies;CSCH;19990121;19990122;;1;LA;LA;10;1;300;2;1;DS;7.1;CHF;1527510;1;;15500;1
EFG INTERNATIONAL N;EFG INTERNATIONAL N;EFG International AG, Zürich;EFG International, Zürich;CH0022268228;EFGN;EFGN;2226822;CHF;XSWX;CH;Switzerland;001;Banks;RS;Registered share;EFG International;IR;International Reporting Standard;N/A;20051006;20051007;;1;LC;LC;10;1;300;2;1;DS;0.5;CHF;298293429;1;;33554;1
ELMA ELECTRONIC N;ELMA ELECTRONIC N;Elma Electronic AG, Wetzikon;Elma Electronic S.A., Wetzikon;CH0005319162;ELMN;ELMN;531916;CHF;XSWX;CH;Switzerland;012;Misc. Industrials;RS;Registered share;Elma Electronic;SR;Swiss Reporting Standard;UBSZH2;19961203;19961204;;1;LA;LA;2;1;900;2;1;DS;11;CHF;228492;1;;12497;1
EMMI N;EMMI N;Emmi AG, Luzern;Emmi AG, Luzern;CH0012829898;EMMN;EMMN;1282989;CHF;XSWX;CH;Switzerland;009;Food, luxury goods;RS;Registered share;Emmi AG;SR;Swiss Reporting Standard;UBSZH1;20041205;20041206;;1;LD;LD;2;1;900;2;1;DS;10;CHF;5349810;1;;32900;1
EMS-CHEMIE N;EMS-CHEMIE N;Ems-Chemie Holding AG, Männedorf;Ems-Chemie Holding AG, Männedorf;CH0016440353;EMSN;EMSN;1644035;CHF;XSWX;CH;Switzerland;008;Chemicals, Pharma;RS;Registered share;Ems-Chemie;IR;International Reporting Standard;UBSZH1;20100331;20100401;;1;LD;LD;2;1;300;2;1;DS;0.01;CHF;23389028;1;;71768;1
ENERGIEDIENST N;ENERGIEDIENST N;Energiedienst Holding AG, Laufenburg;Energiedienst Holding AG, Laufenburg;CH0039651184;EDHN;EDHN;3965118;CHF;XSWX;CH;Switzerland;007;Utilities;RS;Registered share;Energiedienst Holding AG;SR;Swiss Reporting Standard;N/A;20080626;20080627;;1;LB;LB;2;1;900;2;1;DS;0.1;CHF;33138000;1;;70304;1
ENR RUSSIA INVEST I;ENR RUSSIA INVEST I;ENR Russia Invest SA, Genf;ENR Russia Invest SA, Genf;CH0034476959;RUS;RUS;3447695;CHF;XSWX;CH;Switzerland;022;Investment companies;BS;Bearer share;ENR Russia Invest SA;IV;Standard for Investment Companies;N/A;20071116;20071119;;1;LA;LA;2;1;900;2;1;DS;12.4;CHF;2644402;1;;70070;1
EVOLVA N;EVOLVA N;Evolva Holding SA;Evolva Holding SA;CH0021218067;EVE;EVE;2121806;CHF;XSWX;CH;Switzerland;008;Chemicals, Pharma;RS;Registered share;Evolva Holding;IR;International Reporting Standard;DBSZH;20050503;20050504;;1;LC;LC;10;1;300;2;1;DS;0.05;CHF;821878237;1;;33020;1
FEINTOOL N;FEINTOOL N;Feintool International Holding AG, Lyss;Feintool International Holding AG, Lyss;CH0009320091;FTON;FTON;932009;CHF;XSWX;CH;Switzerland;006;Machinery;RS;Registered share;Feintool;IR;International Reporting Standard;JVCZH;19980814;19980817;;1;LC;LC;2;1;900;2;1;DS;10;CHF;4914842;1;;14953;1
FISCHER N;FISCHER N;Georg Fischer AG, Schaffhausen;Georges Fischer S.A., Schaffhouse;CH0001752309;FI-N;FI-N;175230;CHF;XSWX;CH;Switzerland;006;Machinery;RS;Registered share;GF;SR;Swiss Reporting Standard;CSCH;19960802;19960802;;1;LD;LD;2;1;300;2;1;DS;1;CHF;4100898;1;;1244;1
FLUGHAFEN ZUERICH N;FLUGHAFEN ZUERICH N;Flughafen Zürich AG, Kloten;Flughafen Zürich AG, Kloten;CH0319416936;FHZN;FHZN;31941693;CHF;XSWX;CH;Switzerland;005;Misc. services;RS;Registered share;Flughafen Zürich AG;IR;International Reporting Standard;CSCH;20160504;20160506;;1;LD;LD;2;1;300;2;1;DS;10;CHF;30701875;1;;3306069;1
FORBO N;FORBO N;Forbo Holding AG, Baar;Forbo Holding S.A., Baar;CH0003541510;FORN;FORN;354151;CHF;XSWX;CH;Switzerland;012;Misc. Industrials;RS;Registered share;Forbo;IR;International Reporting Standard;UBSZH1;19960802;19960802;;1;LC;LC;2;1;900;2;1;DS;0.1;CHF;1650000;1;;10438;1
Fundamenta Real Estate N;Fundamenta Real Estate AG;Fundamenta Real Estate AG, Zug;Fundamenta Real Estate AG;CH0045825517;FREN;FREN;4582551;CHF;XSWX;CH;Switzerland;028;Real-estate companies;RS;Registered share;Fundamenta Real Estate AG;IG;Standard for Real Estate Companies;N/A;20181205;20181206;;1;LB;LB;2;1;900;2;1;DS;6;CHF;25052361;1;;3408360;1
GALENICA N;GALENICA N;Galenica AG;Galenica AG;CH0360674466;GALE;GALE;36067446;CHF;XSWX;CH;Switzerland;008;Chemicals, Pharma;RS;Registered share;Galenica AG;IR;International Reporting Standard;N/A;20170406;20170407;;1;LD;LD;2;1;300;2;1;DS;0.1;CHF;50000000;1;;3339908;1
GAM N;GAM N;GAM Holding AG, Zürich;GAM Holding AG, Zürich;CH0102659627;GAM;GAM;10265962;CHF;XSWX;CH;Switzerland;001;Banks;RS;Registered share;GAM Holding AG;IR;International Reporting Standard;N/A;20100618;20100621;;1;LD;LD;10;1;300;2;1;DS;0.05;CHF;159682531;1;;72404;1
GAM N 2. LINIE;GAM N 2. LINIE;GAM Holding AG, Zürich;GAM Holding AG, Zürich;CH0242225198;GAMEE;GAMEE;24222519;CHF;XSWX;CH;Switzerland;001;Banks;RS;Registered share;GAM Holding AG;IR;International Reporting Standard;N/A;20140425;20140428;20230428;1;LD;LD;;4;30;2;0;DS;0.05;CHF;1;1;;3219007;0
GAVAZZI I;GAVAZZI P;Carlo Gavazzi Holding AG, Steinhausen;Carlo Gavazzi Holding AG, Steinhausen;CH0011003594;GAV;GAV;1100359;CHF;XSWX;CH;Switzerland;010;Electrical engineering & electronics;BS;Bearer share;C. Gavazzi;IR;International Reporting Standard;CSCH;20000807;20000808;;1;LB;LB;2;1;900;2;1;DS;15;CHF;390710;1;;20500;1
GEBERIT N 2. LINIE;GEBERIT N 2. LINIE;Geberit AG, Jona;Geberit AG, Jona;CH0358541057;GEBNE;GEBNE;35854105;CHF;XSWX;CH;Switzerland;012;Misc. Industrials;RS;Registered share;Geberit AG;IR;International Reporting Standard;N/A;20200916;20200917;20220916;1;LE;LE;;4;30;2;0;DS;0.1;CHF;1;1;;3507269;0
GLARNER KB N;GLARNER KB N;Glarner Kantonalbank, Glarus;Glarner Kantonalbank, Glarus;CH0189396655;GLKBN;GLKBN;18939665;CHF;XSWX;CH;Switzerland;001;Banks;RS;Registered share;Glarner Kantonalbank;SR;Swiss Reporting Standard;N/A;20140623;20140624;;1;LB;LB;2;1;900;2;1;DS;10;CHF;11500000;1;;3223998;1
GMSA N;GMSA N;Groupe Minoteries S.A., Granges-près-Marnand;Groupe Minoteries S.A., Granges-près-Marnand;CH0012949464;GMI;GMI;1294946;CHF;XSWX;CH;Switzerland;009;Food, luxury goods;RS;Registered share;Groupe Minoteries SA;SR;Swiss Reporting Standard;CSCH;20011012;20011015;;1;LA;LA;2;1;900;2;1;DS;5;CHF;330000;1;;27237;1
GRAUB KB PS;BC GRISONS BP;Graubündner Kantonalbank, Chur;Graubündner Kantonalbank, Chur;CH0001340204;GRKP;GRKP;134020;CHF;XSWX;CH;Switzerland;001;Banks;PC;Participation certificate;Graubündner Kantonalbank;SR;Swiss Reporting Standard;ZKBZH;19960802;19960802;;1;LB;LB;2;1;900;2;1;DS;100;CHF;750000;1;;1164;1
GURIT I;GURIT P;Gurit Holding AG;Gurit Holding AG;CH0008012236;GUR;GUR;801223;CHF;XSWX;CH;Switzerland;008;Chemicals, Pharma;BS;Bearer share;Gurit Holding AG;SR;Swiss Reporting Standard;UBSZH1;19990614;19990615;;1;LC;LC;2;1;900;2;1;DS;50;CHF;420000;1;;16358;1
HBM N;HBM N;HBM Healthcare Investments AG;HBM Healthcare Investments AG;CH0012627250;HBMN;HBMN;1262725;CHF;XSWX;CH;Switzerland;022;Investment companies;RS;Registered share;HBM N;IV;Standard for Investment Companies;UBSZH1;20080213;20080214;;1;LC;LC;2;1;900;2;1;DS;41.8;CHF;6960000;1;;70172;1
HBM N 2. LINIE;HBM N 2. LINIE;HBM Healthcare Investments AG;HBM Healthcare Investments AG;CH0257717097;HBMNE;HBMNE;25771709;CHF;XSWX;CH;Switzerland;022;Investment companies;RS;Registered share;HBM N;IV;Standard for Investment Companies;N/A;20190627;20190628;20220627;1;LC;LC;;4;30;2;0;DS;41.8;CHF;1;1;;3432727;0
HELVETIA HOLDING N;HELVETIA HOLDING N;Helvetia Holding AG, St. Gallen;Helvetia Holding AG, St. Gallen;CH0466642201;HELN;HELN;46664220;CHF;XSWX;CH;Switzerland;002;Insurances;RS;Registered share;Helvetia Holding;IR;International Reporting Standard;JVCZH;20190510;20190513;;1;LD;LD;2;1;300;2;1;DS;0.02;CHF;53025685;1;;3426486;1
HIAG IMMOBILIEN N;HIAG IMMOBILIEN N;HIAG Immobilien Holding AG, Basel;HIAG Immobilien Holding AG, Basel;CH0239518779;HIAG;HIAG;23951877;CHF;XSWX;CH;Switzerland;028;Real-estate companies;RS;Registered share;HIAG Immobilien Holding AG;IG;Standard for Real Estate Companies;N/A;20140515;20140516;;1;LB;LB;2;1;900;2;1;DS;1;CHF;8433000;1;;3220788;1
HIGHLIGHT E AND E I;HIGHLIGHT E AND E I;Highlight Event and Entertainment AG, Pratteln;Highlight Event and Entertainment AG, Pratteln;CH0003583256;HLEE;HLEE;358325;CHF;XSWX;CH;Switzerland;005;Misc. services;BS;Bearer share;Highlight Event and Entertain.;IR;International Reporting Standard;CSCH;19960802;19960802;;1;LA;LA;2;1;900;2;1;DS;9;CHF;8920000;1;;10632;1
HOCHDORF N;HOCHDORF N;HOCHDORF Holding AG;HOCHDORF Holding AG;CH0024666528;HOCN;HOCN;2466652;CHF;XSWX;CH;Switzerland;009;Food, luxury goods;RS;Registered share;HOCHDORF Holding AG;SR;Swiss Reporting Standard;N/A;20110516;20110517;;1;LC;LC;2;1;900;2;1;DS;10;CHF;2151757;1;;74270;1
HUBER+SUHNER N;HUBER+SUHNER N;Huber+Suhner AG;Huber+Suhner AG;CH0030380734;HUBN;HUBN;3038073;CHF;XSWX;CH;Switzerland;012;Misc. Industrials;RS;Registered share;Huber+Suhner;SR;Swiss Reporting Standard;ZKBZH;20070705;20070706;;1;LC;LC;2;1;900;2;1;DS;0.25;CHF;20200000;1;;69836;1
HYPO LENZB N;HYPO LENZB N;Hypothekarbank Lenzburg AG, Lenzburg;Hypothekarbank Lenzburg AG, Lenzburg;CH0001341608;HBLN;HBLN;134160;CHF;XSWX;CH;Switzerland;001;Banks;RS;Registered share;Hypo Lenzburg;SR;Swiss Reporting Standard;UBSZH1;19960802;19960802;;1;LA;LA;2;1;900;2;1;DS;260;CHF;72000;1;;2444;1
IDORSIA N;IDORSIA N;Idorsia Ltd, Allschwil;Idorsia Ltd, Allschwil;CH0363463438;IDIA;IDIA;36346343;CHF;XSWX;CH;Switzerland;012;Misc. Industrials;RS;Registered share;Idorsia;IR;International Reporting Standard;N/A;20170615;20170616;;1;LD;LD;2;1;900;2;1;DS;0.05;CHF;166792888;1;;3346960;1
IMPLENIA N;IMPLENIA N;Implenia AG, Dietlikon;Implenia AG, Dietlikon;CH0023868554;IMPN;IMPN;2386855;CHF;XSWX;CH;Switzerland;011;Building contractors & materials;RS;Registered share;Implenia AG;IR;International Reporting Standard;UBSZH1;20060303;20060306;;1;LD;LD;2;1;900;2;1;DS;1.02;CHF;18472000;1;;68990;1
INA INVEST N;INA INVEST N;Ina Invest Holding AG, Zürich;Ina Invest Holding AG;CH0524026959;INA;INA;52402695;CHF;XSWX;CH;Switzerland;028;Real-estate companies;RS;Registered share;Ina Invest Holding AG;IG;Standard for Real Estate Companies;N/A;20200611;20200612;;1;LC;LC;2;1;900;2;1;DS;0.03;CHF;8866560;1;;3490684;1
INFICON N;INFICON N;Inficon Holding AG, Syracuse;Inficon Holding AG, Syracuse;CH0011029946;IFCN;IFCN;1102994;CHF;XSWX;CH;Switzerland;012;Misc. Industrials;RS;Registered share;INFICON Holding AG;SR;Swiss Reporting Standard;N/A;20001108;20001109;;1;LC;LC;2;1;900;2;1;DS;5;CHF;2442436;1;;21851;1
INTERROLL N;INTERROLL N;Interroll Holding AG, San Antonio;Interroll Holding S.A., San Antonio;CH0006372897;INRN;INRN;637289;CHF;XSWX;CH;Switzerland;012;Misc. Industrials;RS;Registered share;Interroll Holding;IR;International Reporting Standard;UBSZH1;19970604;19970605;;1;LC;LC;2;1;900;2;1;DS;1;CHF;854000;1;;13134;1
INTERSHOP N;INTERSHOP N;Intershop Holding AG, Zürich;Intershop Holding AG, Zürich;CH0273774791;ISN;ISN;27377479;CHF;XSWX;CH;Switzerland;028;Real-estate companies;RS;Registered share;Intershop;IG;Standard for Real Estate Companies;N/A;20150413;20150414;;1;LC;LC;2;1;900;2;1;DS;10;CHF;1900000;1;;3261137;1
INVESTIS N;INVESTIS N;Investis Holding SA, Lens;Investis Holding SA, Lens;CH0325094297;IREN;IREN;32509429;CHF;XSWX;CH;Switzerland;028;Real-estate companies;RS;Registered share;Investis Holding;IG;Standard for Real Estate Companies;N/A;20160629;20160630;;1;LB;LB;2;1;900;2;1;DS;0.1;CHF;12800000;1;;3310875;1
IVF HARTMANN N;IVF HARTMANN N;IVF Hartmann Holding AG, Neuhausen;IVF Hartmann Holding AG, Neuhausen;CH0187624256;VBSN;VBSN;18762425;CHF;XSWX;CH;Switzerland;005;Misc. services;RS;Registered share;IVF HARTMANN Holding AG;SR;Swiss Reporting Standard;UBSZH1;20120713;20120716;;1;LA;LA;2;1;900;2;1;DS;1.75;CHF;2400000;1;;3135925;1
JULIUS BAER N  2. LINIE;JULIUS BAER N  2. LINIE;Julius Bär Gruppe AG, Zürich;Julius Bär Holding AG, Zürich;CH0126645776;BAERE;BAERE;12664577;CHF;XSWX;CH;Switzerland;001;Banks;RS;Registered share;Julius Bär Gruppe;IR;International Reporting Standard;N/A;20191119;20191120;20220228;1;LE;LE;;4;30;2;0;DS;0.02;CHF;1;1;;3449955;0
JUNGFRAUBAHN HLD N;JUNGFRAUBAHN HLD N;Jungfraubahn Holding AG, Interlaken;Jungfraubahn Holding AG, Interlaken;CH0017875789;JFN;JFN;1787578;CHF;XSWX;CH;Switzerland;003;Transport;RS;Registered share;Jungfraubahn;SR;Swiss Reporting Standard;N/A;20040416;20040416;;1;LC;LC;2;1;900;2;1;DS;1.5;CHF;5835000;1;;32768;1
KARDEX N;KARDEX N;Kardex Holding AG, Zürich;Kardex Holding AG, Zürich;CH0100837282;KARN;KARN;10083728;CHF;XSWX;CH;Switzerland;012;Misc. Industrials;RS;Registered share;Kardex Holding AG;SR;Swiss Reporting Standard;JVCZH;20090422;20090423;;1;LC;LC;2;1;900;2;1;DS;0.45;CHF;7730000;1;;70670;1
KLINGELNBERG N;KLINGELNBERG N;Klingelnberg AG, Zürich;Klingelnberg AG;CH0420462266;KLIN;KLIN;42046226;CHF;XSWX;CH;Switzerland;006;Machinery;RS;Registered share;Klingelnberg;SR;Swiss Reporting Standard;N/A;20180619;20180620;;1;LB;LB;2;1;900;2;1;DS;5;CHF;8840000;1;;3387638;1
KOMAX N;KOMAX N;Komax Holding AG, Dierikon;Komax Holding S.A., Dierikon;CH0010702154;KOMN;KOMN;1070215;CHF;XSWX;CH;Switzerland;012;Misc. Industrials;RS;Registered share;Komax Holding;SR;Swiss Reporting Standard;CSCH;20000523;20000524;;1;LD;LD;2;1;900;2;1;DS;0.1;CHF;3850000;1;;19375;1
KUDELSKI I;KUDELSKI I;Kudelski S.A., Cheseaux-sur-Lausanne;Kudelski S.A., Cheseaux-sur-Lausanne;CH0012268360;KUD;KUD;1226836;CHF;XSWX;CH;Switzerland;010;Electrical engineering & electronics;BS;Bearer share;Kudelski;IR;International Reporting Standard;CSCH;20100331;20100401;;1;LC;LC;10;1;300;2;1;DS;8;CHF;50678280;1;;71774;1
Kuros N;Kuros N;Kuros Biosciences Ltd., Schlieren;Kuros Biosciences Ltd., Schlieren;CH0325814116;KURN;KURN;32581411;CHF;XSWX;CH;Switzerland;005;Misc. services;RS;Registered share;Kuros Biosciences Ltd.;IR;International Reporting Standard;N/A;20160623;20160623;;1;LB;LB;10;1;300;2;1;DS;1;CHF;32811378;1;;3309983;1
LALIQUE GROUP N;LALIQUE GROUP N;Lalique Group SA, Zürich;Lalique Group SA;CH0033813293;LLQ;LLQ;3381329;CHF;XSWX;CH;Switzerland;005;Misc. services;RS;Registered share;Lalique Group SA;IR;International Reporting Standard;N/A;20180622;20180625;;1;LA;LA;2;1;900;2;1;DS;0.2;CHF;7200000;1;;3388317;1
Landis+Gyr N;Landis+Gyr N;Landis+Gyr Group AG, Zug;Landis+Gyr Group AG, Zug;CH0371153492;LAND;LAND;37115349;CHF;XSWX;CH;Switzerland;005;Misc. services;RS;Registered share;Landis+Gyr;IR;International Reporting Standard;N/A;20170720;20170721;;1;LD;LD;2;1;900;2;1;DS;10;CHF;28908944;1;;3350986;1
LECLANCHE N;LECLANCHE N;Leclanché S.A., Yverdon-les-Bains;Leclanché S.A., Yverdon-les-Bains;CH0110303119;LECN;LECN;11030311;CHF;XSWX;CH;Switzerland;010;Electrical engineering & electronics;RS;Registered share;Leclanché;IR;International Reporting Standard;ZKBZH;20100325;20100326;;1;LB;LB;10;1;300;2;1;DS;0.1;CHF;260069479;1;;71756;1
LEM N;LEM N;LEM Holding SA, Plan-les-Ouates;LEM Holding SA, Plan-les-Ouates;CH0022427626;LEHN;LEHN;2242762;CHF;XSWX;CH;Switzerland;010;Electrical engineering & electronics;RS;Registered share;LEM;IR;International Reporting Standard;ZKBZH;20050922;20050923;;1;LC;LC;2;1;900;2;1;DS;0.5;CHF;1140000;1;;33530;1
LEONTEQ N;LEONTEQ N;Leonteq AG, Zürich;Leonteq AG, Zürich;CH0190891181;LEON;LEON;19089118;CHF;XSWX;CH;Switzerland;005;Misc. services;RS;Registered share;Leonteq;IR;International Reporting Standard;CSCH;20121018;20121019;;1;LC;LC;2;1;900;2;1;DS;1;CHF;18934097;1;;3149446;1
LINDT N;LINDT N;Chocoladefabriken Lindt & Sprüngli AG, Kilchberg;Chocoladefabriken Lindt & Sprüngli AG, Kilchberg;CH0010570759;LISN;LISN;1057075;CHF;XSWX;CH;Switzerland;009;Food, luxury goods;RS;Registered share;Lindt & Sprüngli;IR;International Reporting Standard;CSCH;20170918;20170918;;1;LC;LC;2;1;300;2;1;DS;100;CHF;135552;1;;3356359;1
LINDT PS;LINDT BP;Chocoladefabriken Lindt & Sprüngli AG, Kilchberg;Lindt & Spruengli S.A., Kilchberg;CH0010570767;LISP;LISP;1057076;CHF;XSWX;CH;Switzerland;009;Food, luxury goods;PC;Participation certificate;Lindt & Sprüngli;IR;International Reporting Standard;CSCH;20000505;20000508;;1;LD;LD;2;1;300;2;1;DS;10;CHF;1031920;1;;19348;1
LUZERNER KB N;LUZERNER KB N;Luzerner Kantonalbank AG, Luzern;Luzerner Kantonalbank AG, Luzern;CH0011693600;LUKN;LUKN;1169360;CHF;XSWX;CH;Switzerland;001;Banks;RS;Registered share;Luzerner Kantonalbank AG;SR;Swiss Reporting Standard;JVCZH;20010309;20010312;;1;LC;LC;2;1;900;2;1;DS;18.5;CHF;8500000;1;;23785;1
MCH GROUP N;MCH GROUP N;MCH Group AG, Basel;MCH Group AG, Basel;CH0039542854;MCHN;MCHN;3954285;CHF;XSWX;CH;Switzerland;005;Misc. services;RS;Registered share;MCH Group AG;SR;Swiss Reporting Standard;ZKBZH;20080516;20080519;;1;LB;LB;2;1;900;2;1;DS;10;CHF;14869351;1;;70262;1
MEDACTA GROUP N;MEDACTA GROUP N;Medacta Group SA, Castel San Pietro;Medacta Group SA, Castel San Pietro;CH0468525222;MOVE;MOVE;46852522;CHF;XSWX;CH;Switzerland;008;Chemicals, Pharma;RS;Registered share;Medacta Group SA;IR;International Reporting Standard;N/A;20190403;20190404;;1;LC;LC;2;1;900;2;1;DS;0.1;CHF;20000000;1;;3422585;1
MEDARTIS N;MEDARTIS N;Medartis Holding AG, Basel;Medartis Holding AG, Basel;CH0386200239;MED;MED;38620023;CHF;XSWX;CH;Switzerland;005;Misc. services;RS;Registered share;Medartis;IR;International Reporting Standard;N/A;20180322;20180323;;1;LC;LC;2;1;900;2;1;DS;0.2;CHF;11778148;1;;3378540;1
MEIER TOBLER N;MEIER TOBLER N;Meier Tobler Group AG, Nebikon;Meier Tobler Group AG, Nebikon;CH0208062627;MTG;MTG;20806262;CHF;XSWX;CH;Switzerland;006;Machinery;RS;Registered share;Meier Tobler Group AG;SR;Swiss Reporting Standard;UBSZH1;20130409;20130410;;1;LB;LB;2;1;900;2;1;DS;0.1;CHF;12000000;1;;3170251;1
Metall Zug AG;Metall Zug AG;Metall Zug AG;Metall Zug AG;CH0039821084;METN;METN;3982108;CHF;XSWX;CH;Switzerland;006;Machinery;RS;Registered share;Metall Zug AG;SR;Swiss Reporting Standard;JVCZH;20080523;20080526;;1;LB;LB;2;1;900;2;1;DS;25;CHF;255136;1;;70268;1
MEYER BURGER N;MEYER BURGER N;Meyer Burger Technology AG;Meyer Burger Technology AG;CH0108503795;MBTN;MBTN;10850379;CHF;XSWX;CH;Switzerland;012;Misc. Industrials;RS;Registered share;Meyer Burger Technology AG;SR;Swiss Reporting Standard;CSCH;20100115;20100118;;1;LD;LD;10;1;300;2;1;DS;0.05;CHF;2515151206;1;;71690;1
MIKRON N;MIKRON N;Mikron Holding AG, Biel;Mikron Holding S.A., Bienne;CH0003390066;MIKN;MIKN;339006;CHF;XSWX;CH;Switzerland;006;Machinery;RS;Registered share;Mikron;SR;Swiss Reporting Standard;UBSZH2;19960802;19960802;;1;LB;LB;10;1;300;2;1;DS;0.1;CHF;16712744;1;;10248;1
MOBILEZONE N;MOBILEZONE N;mobilezone holding ag, Regensdorf;mobilezone holding ag, Regensdorf;CH0276837694;MOZN;MOZN;27683769;CHF;XSWX;CH;Switzerland;005;Misc. services;RS;Registered share;mobilezone;SR;Swiss Reporting Standard;N/A;20150427;20150428;;1;LC;LC;2;1;900;2;1;DS;0.01;CHF;44781213;1;;3262904;1
MOBIMO N;MOBIMO N;Mobimo Holding AG, Luzern;Mobimo Holding AG, Luzern;CH0011108872;MOBN;MOBN;1110887;CHF;XSWX;CH;Switzerland;028;Real-estate companies;RS;Registered share;Mobimo Holding AG;IG;Standard for Real Estate Companies;JVCZH;20050622;20050623;;1;LC;LC;2;1;900;2;1;DS;13.4;CHF;6601547;1;;33056;1
MOLECULAR PARTNERS N;MOLECULAR PARTNERS N;Molecular Partners AG, Schlieren;Molecular Partners AG, Schlieren;CH0256379097;MOLN;MOLN;25637909;CHF;XSWX;CH;Switzerland;008;Chemicals, Pharma;RS;Registered share;Molecular Partners;IR;International Reporting Standard;N/A;20141104;20141105;;1;LC;LC;2;1;900;2;1;DS;0.1;CHF;29154473;1;;3240759;1
nebag N;nebag N;nebag ag, Zürich;nebag ag, Zürich;CH0005059438;NBEN;NBEN;505943;CHF;XSWX;CH;Switzerland;022;Investment companies;RS;Registered share;NEBAG AG;IV;Standard for Investment Companies;N/A;20051103;20051104;;1;LA;LA;10;1;300;2;1;DS;1.5;CHF;9129999;1;;33566;1
NESTLE N 2. LINIE;NESTLE N 2. LINIE;Nestlé AG, Cham & Vevey;Nestlé AG, Cham & Vevey;CH0372071347;NESNE;NESNE;37207134;CHF;XSWX;CH;Switzerland;009;Food, luxury goods;RS;Registered share;Nestlé;IR;International Reporting Standard;N/A;20170703;20170704;20221230;1;LF;LF;;4;30;2;0;DS;0.1;CHF;1;1;;3349111;0
NEW VALUE N;NEW VALUE N;New Value AG, Baar;New Value AG, Baar;CH0010819867;NEWN;NEWN;1081986;CHF;XSWX;CH;Switzerland;022;Investment companies;RS;Registered share;New Value AG;IV;Standard for Investment Companies;N/A;20060515;20060516;;1;LA;LA;10;1;300;2;1;DS;0.1;CHF;3287233;1;;69212;1
NOVARTIS  N 2. LINIE;NOVARTIS  N 2. LINIE;NOVARTIS AG, Basel;NOVARTIS AG, Basel;CH0038459415;NOVNEE;NOVNEE;3845941;CHF;XSWX;CH;Switzerland;008;Chemicals, Pharma;RS;Registered share;Novartis;IR;International Reporting Standard;N/A;20200310;20200311;20230310;1;LF;LF;;4;30;2;0;DS;0.5;CHF;1;1;;3468064;0
Novavest Real Estate N;Novavest Real Estate N;Novavest Real Estate AG, Zürich;Novavest Real Estate AG, Zürich;CH0212186248;NREN;NREN;21218624;CHF;XSWX;CH;Switzerland;028;Real-estate companies;RS;Registered share;Novavest Real Estate AG;IG;Standard for Real Estate Companies;N/A;20191213;20191216;;1;LB;LB;2;1;900;2;1;DS;28.55;CHF;7068815;1;;3453587;1
O FUESSLI N;O FUESSLI N;Orell Füssli  AG, Zürich;Orell Füssli  AG, Zürich;CH0003420806;OFN;OFN;342080;CHF;XSWX;CH;Switzerland;005;Misc. services;RS;Registered share;OF;SR;Swiss Reporting Standard;UBSZH1;19960802;19960802;;1;LB;LB;2;1;900;2;1;DS;1;CHF;1960000;1;;10441;1
OBSEVA N;OBSEVA N;ObsEva SA, Plan-les Ouates;ObsEva SA, Plan-les Ouates;CH0346177709;OBSN;OBSN;34617770;CHF;XSWX;CH;Switzerland;008;Chemicals, Pharma;RS;Registered share;ObsEva;IR;International Reporting Standard;N/A;20180712;20180713;;1;LB;LB;10;1;300;2;1;DS;0.076923;CHF;85220471;1;;3390447;1
OC OERLIKON N;OC OERLIKON N;OC Oerlikon Corporation AG, Pfäffikon SZ;OC Oerlikon Corporation AG, Pfäffikon SZ;CH0000816824;OERL;OERL;81682;CHF;XSWX;CH;Switzerland;012;Misc. Industrials;RS;Registered share;OC Oerlikon Corporation AG;IR;International Reporting Standard;CSCH;20100331;20100401;;1;LD;LD;10;1;300;2;1;DS;1;CHF;339758576;1;;71762;1
ORASCOM DEVELOPMENT HLD AG N;ORASCOM DEVELOPMENT HLD AG N;Orascom Development Holding AG;Orascom Development Holding AG;CH0038285679;ODHN;ODHN;3828567;CHF;XSWX;CH;Switzerland;005;Misc. services;RS;Registered share;Orascom Devl;IR;International Reporting Standard;UBSZH1;20080513;20080514;;1;LC;LC;10;1;300;2;1;DS;5;CHF;40593749;1;;70250;1
ORIOR N;ORIOR N;Orior AG, Zürich;Orior AG, Zürich;CH0111677362;ORON;ORON;11167736;CHF;XSWX;CH;Switzerland;009;Food, luxury goods;RS;Registered share;Orior N;SR;Swiss Reporting Standard;CSCH;20100421;20100422;;1;LC;LC;2;1;900;2;1;DS;4;CHF;6517499;1;;71870;1
Peach Property N;Peach Property N;Peach Property Group AG, Zürich;Peach Property Group AG, Zürich;CH0118530366;PEAN;PEAN;11853036;CHF;XSWX;CH;Switzerland;005;Misc. services;RS;Registered share;Peach Property;IR;International Reporting Standard;N/A;20101111;20101112;;1;LB;LB;2;1;900;2;1;DS;1;CHF;12554783;1;;73472;1
PERFECT N;PERFECT N;Perfect Holding SA, Lausanne;Perfect Holding SA, Lausanne;CH0009115129;PRFN;PRFN;911512;CHF;XSWX;CH;Switzerland;010;Electrical engineering & electronics;RS;Registered share;Perfect Holding SA;SR;Swiss Reporting Standard;JBCZH;19991015;19991018;;1;LA;LA;10;1;300;2;1;DS;0.01;CHF;181018281;1;;17576;1
PERROT DUVAL I;PERROT DUVAL I;Perrot Duval Holding S.A., Genève;Perrot Duval Holding S.A., Genève;CH0252620700;PEDU;PEDU;25262070;CHF;XSWX;CH;Switzerland;010;Electrical engineering & electronics;BS;Bearer share;Perrot Duval;SR;Swiss Reporting Standard;N/A;20141107;20141110;;1;LA;LA;2;1;900;2;1;DS;50;CHF;119632;1;;3241307;1
PHOENIX I;PHOENIX P;Phoenix Mecano AG, Stein am Rhein;Phoenix Mecano AG, Stein am Rhein;CH0002187810;PM;PM;218781;CHF;XSWX;CH;Switzerland;012;Misc. Industrials;BS;Bearer share;Phoenix Mecano;SR;Swiss Reporting Standard;JVCZH;19960802;19960802;;1;LC;LC;2;1;900;2;1;DS;1;CHF;960500;1;;2531;1
PLAZZA N;PLAZZA N;PLAZZA AG, Zürich;PLAZZA AG, Zürich;CH0284142913;PLAN;PLAN;28414291;CHF;XSWX;CH;Switzerland;028;Real-estate companies;RS;Registered share;PLAZZA AG;IG;Standard for Real Estate Companies;N/A;20150625;20150626;;1;LB;LB;2;1;900;2;1;DS;0.5;CHF;1827000;1;;3270148;1
POENINA HOLDING N;POENINA HOLDING N;Poenina Holding AG, Opfikon;Poenina Holding AG, Opfikon;CH0122527648;PNHO;PNHO;12252764;CHF;XSWX;CH;Switzerland;005;Misc. services;RS;Registered share;Poenina Holding AG;SR;Swiss Reporting Standard;N/A;20171115;20171116;;1;LB;LB;2;1;900;2;1;DS;0.1;CHF;5791050;1;;3363545;1
Polyphor N;Polyphor N;Polyphor AG, Allschwil;Polyphor AG, Allschwil;CH0106213793;POLN;POLN;10621379;CHF;XSWX;CH;Switzerland;008;Chemicals, Pharma;RS;Registered share;Polyphor AG;IR;International Reporting Standard;N/A;20180514;20180515;;1;LC;LC;10;1;300;2;1;DS;2;CHF;11283275;1;;3383803;1
PRIVATE EQUITY N;PRIVATE EQUITY N;Private Equity Holding AG, Zug;Private Equity Holding SA, Zoug;CH0006089921;PEHN;PEHN;608992;CHF;XSWX;CH;Switzerland;022;Investment companies;RS;Registered share;Private Equity Holding;IV;Standard for Investment Companies;JVCZH;20060516;20060516;;1;LA;LA;2;1;900;2;1;DS;6;CHF;2750000;1;;69218;1
PSP N;PSP N;PSP Swiss Property AG, Zug;PSP Swiss Property AG, Zug;CH0018294154;PSPN;PSPN;1829415;CHF;XSWX;CH;Switzerland;028;Real-estate companies;RS;Registered share;PSP Swiss Property AG;IG;Standard for Real Estate Companies;CSCH;20040512;20040513;;1;LD;LD;2;1;300;2;1;DS;0.1;CHF;45867891;1;;32786;1
RELIEF THERAPEUTICS N;RELIEF THERAPEUTICS N;RELIEF THERAPEUTICS Holding AG;RELIEF THERAPEUTICS Holding AG;CH0100191136;RLF;RLF;10019113;CHF;XSWX;CH;Switzerland;005;Misc. services;RS;Registered share;RELIEF THERAPEUTICS;IR;International Reporting Standard;N/A;20110916;20110919;;1;LB;LB;10;1;300;2;1;DS;0.01;CHF;3372727248;1;;423995;1
RIETER N;RIETER N;Rieter Holding AG, Winterthur;Rieter Holding S.A., Winterthour;CH0003671440;RIEN;RIEN;367144;CHF;XSWX;CH;Switzerland;006;Machinery;RS;Registered share;Rieter;IR;International Reporting Standard;UBSZH1;19960802;19960802;;1;LC;LC;2;1;900;2;1;DS;5;CHF;4672363;1;;10532;1
ROCHE I;ROCHE P;Roche Holding AG, Basel;Roche Holding S.A., Bale;CH0012032113;RO;RO;1203211;CHF;XSWX;CH;Switzerland;008;Chemicals, Pharma;BS;Bearer share;Roche;IR;International Reporting Standard;N/A;20010503;20010504;;1;LD;LD;2;1;900;2;1;DS;1;CHF;160000000;1;;24586;1
ROMANDE ENERGIE N;ROMANDE ENERGIE N;Romande Energie Holding SA;Romande Energie Holding SA;CH0025607331;HREN;HREN;2560733;CHF;XSWX;CH;Switzerland;007;Utilities;RS;Registered share;Romande Energie Holding;SR;Swiss Reporting Standard;BCVLA;20060616;20060619;;1;LB;LB;2;1;900;2;1;DS;25;CHF;1140000;1;;69236;1
SANTHERA N;SANTHERA N;Santhera Pharmaceuticals Holding AG, Pratteln;Santhera Pharmaceuticals Holding AG, Pratteln;CH0027148649;SANN;SANN;2714864;CHF;XSWX;CH;Switzerland;008;Chemicals, Pharma;RS;Registered share;Santhera Pharm Hldg;IR;International Reporting Standard;DBSZH;20061102;20061103;;1;LC;LC;10;1;300;2;1;DS;1;CHF;21510404;1;;69404;1
SCHAFFNER N;SCHAFFNER N;Schaffner Holding AG, Luterbach;Schaffner Holding AG, Luterbach;CH0009062099;SAHN;SAHN;906209;CHF;XSWX;CH;Switzerland;010;Electrical engineering & electronics;RS;Registered share;Schaffner;SR;Swiss Reporting Standard;CSCH;19980617;19980617;;1;LB;LB;2;1;900;2;1;DS;32.5;CHF;635940;1;;14442;1
SCHINDLER N;SCHINDLER N;Schindler Holding AG, Ebikon;Schindler Holding AG, Ebikon;CH0024638212;SCHN;SCHN;2463821;CHF;XSWX;CH;Switzerland;006;Machinery;RS;Registered share;Schindler;IR;International Reporting Standard;UBSZH1;20060324;20060327;;1;LD;LD;2;1;300;2;1;DS;0.1;CHF;67077452;1;;69158;1
SCHLATTER N;SCHLATTER N;Schlatter Industries AG, Schlieren;Schlatter Industries AG, Schlieren;CH0002277314;STRN;STRN;227731;CHF;XSWX;CH;Switzerland;006;Machinery;RS;Registered share;Schlatter;SR;Swiss Reporting Standard;CSCH;19960802;19960802;;1;LA;LA;2;1;900;2;1;DS;16;CHF;1104704;1;;12051;1
SCHWEITER I;SCHWEITER P;Schweiter Technologies AG, Steinhausen;Schweiter Technologies AG, Steinhausen;CH0010754924;SWTQ;SWTQ;1075492;CHF;XSWX;CH;Switzerland;006;Machinery;BS;Bearer share;Schweiter Technologies;IR;International Reporting Standard;CSCH;20000531;20000602;;1;LC;LC;2;1;900;2;1;DS;1;CHF;1431808;1;;19483;1
SENSIRION N;SENSIRION N;Sensirion Holding AG, Stäfa;Sensirion Holding AG, Stäfa;CH0406705126;SENS;SENS;40670512;CHF;XSWX;CH;Switzerland;005;Misc. services;RS;Registered share;Sensirion Holding AG;IR;International Reporting Standard;N/A;20180321;20180322;;1;LC;LC;2;1;900;2;1;DS;0.1;CHF;15573350;1;;3378340;1
SF Urban Properties N;SF Urban Properties N;SF Urban Properties AG, Zürich;SF Urban Properties AG, Zürich;CH0032816131;SFPN;SFPN;3281613;CHF;XSWX;CH;Switzerland;028;Real-estate companies;RS;Registered share;SF Urban Properties AG;IG;Standard for Real Estate Companies;N/A;20120416;20120417;;1;LA;LA;2;1;900;2;1;DS;9;CHF;2729551;1;;3123480;1
SFS Group N;SFS Group N;SFS Group AG, Heerbrugg;SFS Group AG, Heerbrugg;CH0239229302;SFSN;SFSN;23922930;CHF;XSWX;CH;Switzerland;012;Misc. Industrials;RS;Registered share;SFS Group AG;SR;Swiss Reporting Standard;N/A;20140506;20140507;;1;LD;LD;2;1;900;2;1;DS;0.1;CHF;37500000;1;;3219604;1
SIEGFRIED N;SIEGFRIED N;Siegfried Holding AG, Zofingen;Siegfried Holding S.A., Zofingen;CH0014284498;SFZN;SFZN;1428449;CHF;XSWX;CH;Switzerland;008;Chemicals, Pharma;RS;Registered share;Siegfried Holding AG;SR;Swiss Reporting Standard;UBSZH1;20020805;20020806;;1;LD;LD;2;1;900;2;1;DS;24.2;CHF;4351000;1;;31435;1
SIG Combibloc Grp N;SIG Combibloc Grp N;SIG Combibloc Group AG, Neuhausen am Rheinfall;SIG Combibloc Group AG, Neuhausen am Rheinfall;CH0435377954;SIGN;SIGN;43537795;CHF;XSWX;CH;Switzerland;012;Misc. Industrials;RS;Registered share;SIG Combibloc Group AG;IR;International Reporting Standard;N/A;20180927;20180928;;1;LD;LD;2;1;300;2;1;DS;0.01;CHF;337520872;1;;3398105;1
SNB N;BNS N;Schweiz. Nationalbank, Bern;Banque Nationale Suisse, Berne;CH0001319265;SNBN;SNBN;131926;CHF;XSWX;CH;Switzerland;001;Banks;RS;Registered share;SNB;SR;Swiss Reporting Standard;UBSZH1;19960802;19960802;;1;LB;LB;2;1;900;2;1;DS;250;CHF;100000;1;;1158;1
SOFTWAREONE N;SOFTWAREONE N;SoftwareONE Holding AG, Stans;SoftwareONE Holding AG, Stans;CH0496451508;SWON;SWON;49645150;CHF;XSWX;CH;Switzerland;005;Misc. services;RS;Registered share;SoftwareONE Holding AG;IR;International Reporting Standard;N/A;20191024;20191025;;1;LC;LC;2;1;900;2;1;DS;0.01;CHF;158581460;1;;3447083;1
SONOVA N 2. LINIE;SONOVA N 2. LINIE;Sonova Holding AG, Stäfa;Sonova Holding AG, Stäfa;CH0433746457;SOONE;SOONE;43374645;CHF;XSWX;CH;Switzerland;008;Chemicals, Pharma;RS;Registered share;Sonova Holding AG;IR;International Reporting Standard;N/A;20181009;20181010;20211008;1;LE;LE;;4;30;2;0;DS;0.05;CHF;1;1;;3399767;0
SPCE N;SPCE N;Spice Private Equity AG, Zug;Spice Private Equity AG, Zug;CH0009153310;SPCE;SPCE;915331;USD;XSWX;CH;Switzerland;022;Investment companies;RS;Registered share;Spice Private Equity AG;IV;Standard for Investment Companies;N/A;20150519;20150520;;1;LA;LA;10;1;300;2;1;DS;10;CHF;5360617;1;;3265405;1
ST GALLER KB N;ST GALLER KB N;St.Galler Kantonalbank AG, St. Gallen;St.Galler Kantonalbank AG, St. Gallen;CH0011484067;SGKN;SGKN;1148406;CHF;XSWX;CH;Switzerland;001;Banks;RS;Registered share;St.Galler Kantonalbank AG;SR;Swiss Reporting Standard;UBSZH1;20010330;20010402;;1;LC;LC;2;1;900;2;1;DS;80;CHF;5993666;1;;23953;1
STADLER RAIL N;STADLER RAIL N;Stadler Rail AG, Bussnang;Stadler Rail AG, Bussnang;CH0002178181;SRAIL;SRAIL;217818;CHF;XSWX;CH;Switzerland;006;Machinery;RS;Registered share;Stadler Rail AG;SR;Swiss Reporting Standard;N/A;20190411;20190412;;1;LD;LD;2;1;900;2;1;DS;0.2;CHF;100000000;1;;3423481;1
STARRAG GROUP N;STARRAG GROUP N;Starrag Group Holding AG, Rorschacherberg;Starrag Group Holding AG, Rorschacherberg;CH0002361068;STGN;STGN;236106;CHF;XSWX;CH;Switzerland;006;Machinery;RS;Registered share;Starrag Group Holding AG;SR;Swiss Reporting Standard;UBSZH1;19980313;19980316;;1;LA;LA;2;1;900;2;1;DS;8.5;CHF;3360000;1;;14052;1
SULZER N;SULZER N;Sulzer AG, Winterthur;Sulzer AG, Winterthur;CH0038388911;SUN;SUN;3838891;CHF;XSWX;CH;Switzerland;006;Machinery;RS;Registered share;Sulzer;IR;International Reporting Standard;CSCH;20130923;20130923;;1;LD;LD;2;1;900;2;1;DS;0.01;CHF;34262370;1;;3192089;1
SUNRISE N;SUNRISE N;Sunrise Communications Group AG, Zürich;Sunrise Communications Group AG, Zürich;CH0267291224;SRCG;SRCG;26729122;CHF;XSWX;CH;Switzerland;010;Electrical engineering & electronics;RS;Registered share;Sunrise Communications GroupAG;IR;International Reporting Standard;N/A;20150205;20150206;;1;LD;LD;2;1;900;2;1;DS;1;CHF;45265446;1;;3252811;1
SWATCH GROUP N;SWATCH GROUP N;The Swatch Group AG, Biel;The Swatch Group SA, Bienne;CH0012255144;UHRN;UHRN;1225514;CHF;XSWX;CH;Switzerland;004;Retailers;RS;Registered share;Swatch;SR;Swiss Reporting Standard;UBSZH1;20070921;20070924;;1;LD;LD;2;1;900;2;1;DS;0.45;CHF;116919500;1;;69986;1
SWISS LIFE HOLDING N 2. LINIE;SWISS LIFE HOLDING N 2. LINIE;Swiss Life Holding AG, Zürich;Swiss Life Holding AG, Zürich;CH0445395269;SLHNE;SLHNE;44539526;CHF;XSWX;CH;Switzerland;002;Insurances;RS;Registered share;Swiss Life Holding AG;IR;International Reporting Standard;N/A;20200228;20200302;20210531;1;LE;LE;;4;30;2;0;DS;0.1;CHF;1;1;;3464900;0
SWISS PRIME SITE N;SWISS PRIME SITE N;Swiss Prime Site AG, Olten;Swiss Prime Site SA, Olten;CH0008038389;SPSN;SPSN;803838;CHF;XSWX;CH;Switzerland;028;Real-estate companies;RS;Registered share;Swiss Prime Site;IG;Standard for Real Estate Companies;CSCH;20140922;20140922;;1;LD;LD;2;1;300;2;1;DS;15.3;CHF;75970364;1;;3233259;1
Swiss Steel Holding AG;Swiss Steel Holding AG;Swiss Steel Holding AG;Swiss Steel Holding AG;CH0005795668;STLN;STLN;579566;CHF;XSWX;CH;Switzerland;012;Misc. Industrials;RS;Registered share;Swiss Steel Holding AG;IR;International Reporting Standard;CSCH;19970214;19970217;;1;LC;LC;10;1;300;2;1;DS;0.15;CHF;2028333333;1;;12758;1
SWISSQUOTE N;SWISSQUOTE N;Swissquote Group Holding Ltd, Gland;Swissquote Group Holding Ltd, Gland;CH0010675863;SQN;SQN;1067586;CHF;XSWX;CH;Switzerland;005;Misc. services;RS;Registered share;Swissquote;IR;International Reporting Standard;JBCZH;20000526;20000529;;1;LC;LC;2;1;900;2;1;DS;0.2;CHF;15328170;1;;19556;1
TECAN GROUP AG N;TECAN SA N;Tecan Group AG, Männedorf;Tecan Group S.A., Männedorf;CH0012100191;TECN;TECN;1210019;CHF;XSWX;CH;Switzerland;005;Misc. services;RS;Registered share;Tecan;IR;International Reporting Standard;UBSZH1;20010503;20010504;;1;LD;LD;2;1;300;2;1;DS;0.1;CHF;11961881;1;;24601;1
The Native SA;The Native SA;The Native SA;The Native SA;CH0006326851;NTIV;NTIV;632685;CHF;XSWX;CH;Switzerland;022;Investment companies;BS;Bearer share;The Native SA;SR;Swiss Reporting Standard;ABNZH;20000515;20000516;;1;LA;LA;10;1;300;2;1;DS;0.42;CHF;12013566;1;;19457;1
THURGAUER KB PS;THURGAUER KB PS;Thurgauer Kantonalbank, Weinfelden;Thurgauer Kantonalbank, Weinfelden;CH0231351104;TKBP;TKBP;23135110;CHF;XSWX;CH;Switzerland;001;Banks;PC;Participation certificate;Thurgauer Kantonalbank;SR;Swiss Reporting Standard;N/A;20140404;20140407;;1;LB;LB;2;1;900;2;1;DS;20;CHF;4000000;1;;3215989;1
TITL BN BERG N;TITL BN BERG N;Bergbahnen Engelberg-Trübsee-Titlis AG;Bergbahnen Engelberg-Trübsee-Titlis AG;CH0527044959;TIBN;TIBN;52704495;CHF;XSWX;CH;Switzerland;003;Transport;RS;Registered share;Titlisbahnen;SR;Swiss Reporting Standard;ZKBZH;20200402;20200403;;1;LB;LB;2;1;900;2;1;DS;0.04;CHF;3360000;1;;3477883;1
TORNOS N;TORNOS N;Tornos Holding AG, Moutier;Tornos Holding AG, Moutier;CH0011607683;TOHN;TOHN;1160768;CHF;XSWX;CH;Switzerland;012;Misc. Industrials;RS;Registered share;Tornos Holding AG;SR;Swiss Reporting Standard;CSCH;20010312;20010313;;1;LC;LC;10;1;300;2;1;DS;3.5;CHF;19877671;1;;23811;1
TX GROUP N;TX GROUP N;TX Group AG, Zürich;TX Group AG, Zürich;CH0011178255;TXGN;TXGN;1117825;CHF;XSWX;CH;Switzerland;005;Misc. services;RS;Registered share;TX Group AG;IR;International Reporting Standard;UBSZH1;20000929;20001002;;1;LC;LC;2;1;900;2;1;DS;10;CHF;10600000;1;;21347;1
U-BLOX N;U-BLOX N;u-blox Holding AG;u-blox Holding AG;CH0033361673;UBXN;UBXN;3336167;CHF;XSWX;CH;Switzerland;005;Misc. services;RS;Registered share;u-blox Hldg;IR;International Reporting Standard;CSCH;20071025;20071026;;1;LD;LD;2;1;900;2;1;DS;14.8;CHF;7114839;1;;70034;1
UBS GROUP N 2. LINIE;UBS GROUP N 2. LINIE;UBS Group AG, Zürich;UBS Group AG, Zürich;CH0596280963;UBSGEE;UBSGEE;59628096;CHF;XSWX;CH;Switzerland;001;Banks;RS;Registered share;UBS Group AG;IR;International Reporting Standard;N/A;20210205;20210208;20240207;1;LE;LE;;4;30;2;0;DS;0.1;CHF;1;1;;3529810;0
V-ZUG N;V-ZUG N;V-ZUG Holding AG, Zug;V-ZUG Holding AG, Zug;CH0542483745;VZUG;VZUG;54248374;CHF;XSWX;CH;Switzerland;012;Misc. Industrials;RS;Registered share;V-ZUG Holding AG;SR;Swiss Reporting Standard;N/A;20200624;20200625;;1;LC;LC;2;1;900;2;1;DS;0.27;CHF;6428571;1;;3494101;1
VALARTIS GROUP N;VALARTIS GROUP N;Valartis Group AG, Fribourg;Valartis Group AG, Fribourg;CH0367427686;VLRT;VLRT;36742768;CHF;XSWX;CH;Switzerland;001;Banks;RS;Registered share;Valartis Group AG;IR;International Reporting Standard;N/A;20170522;20170523;;1;LA;LA;10;1;300;2;1;DS;1;CHF;4299295;1;;3344087;1
VALIANT N;VALIANT N;Valiant Holding AG, Bern;Valiant Holding AG, Bern;CH0014786500;VATN;VATN;1478650;CHF;XSWX;CH;Switzerland;001;Banks;RS;Registered share;Valiant Holding;SR;Swiss Reporting Standard;N/A;20021206;20021209;;1;LC;LC;2;1;900;2;1;DS;0.5;CHF;15792461;1;;32534;1
VALORA N;VALORA N;Valora Holding AG, Muttenz (vormals Merkur Holding AG);Valora Holding S.A., Muttenz (avant Merkur Holding S.A.);CH0002088976;VALN;VALN;208897;CHF;XSWX;CH;Switzerland;004;Retailers;RS;Registered share;Valora Holding;IR;International Reporting Standard;UBSZH1;19960802;19960802;;1;LC;LC;2;1;900;2;1;DS;1;CHF;4390000;1;;2546;1
VARIA US PROPERTIES N;VARIA US PROPERTIES N;Varia US Properties AG, Zug;Varia US Properties AG, Zug;CH0305285295;VARN;VARN;30528529;CHF;XSWX;CH;Switzerland;028;Real-estate companies;RS;Registered share;Varia US Properties;IG;Standard for Real Estate Companies;N/A;20161207;20161208;;1;LB;LB;2;1;900;2;1;DS;1;CHF;10126018;1;;3327769;1
VAT GROUP N;VAT GROUP N;VAT Group AG, Sennwald;VAT Group AG, Sennwald;CH0311864901;VACN;VACN;31186490;CHF;XSWX;CH;Switzerland;012;Misc. Industrials;RS;Registered share;VAT Group;IR;International Reporting Standard;N/A;20160413;20160414;;1;LD;LD;2;1;300;2;1;DS;0.1;CHF;30000000;1;;3303933;1
VAUDOISE ASSU N;VAUDOISE ASSU N;Vaudoise Assurances Holding SA, Lausanne;Vaudoise Assurances Holding SA, Lausanne;CH0021545667;VAHN;VAHN;2154566;CHF;XSWX;CH;Switzerland;002;Insurances;RS;Registered share;Vaudoise Versicherungen SA;SR;Swiss Reporting Standard;BCVLA;20050624;20050627;;1;LB;LB;2;1;900;2;1;DS;25;CHF;1000000;1;;33062;1
VETROPACK N;VETROPACK N;Vetropack Holding AG, Bülach;Vetropack Holding AG, Bülach;CH0530235594;VETN;VETN;53023559;CHF;XSWX;CH;Switzerland;012;Misc. Industrials;RS;Registered share;Vetropack;SR;Swiss Reporting Standard;N/A;20200430;20200504;;1;LC;LC;2;1;900;2;1;DS;1;CHF;13774000;1;;3483197;1
VIFOR N;VIFOR N;Vifor Pharma AG, St. Gallen;Vifor Pharma AG, St. Gallen;CH0364749348;VIFN;VIFN;36474934;CHF;XSWX;CH;Switzerland;008;Chemicals, Pharma;RS;Registered share;Vifor Pharma AG;IR;International Reporting Standard;N/A;20200921;20200921;;1;LE;LE;2;1;300;2;1;DS;0.01;CHF;65000000;1;;3507822;1
VILLARS N;VILLARS N;Villars Holding AG, Givisiez;Villars Holding S.A., Givisiez;CH0002609656;VILN;VILN;260965;CHF;XSWX;CH;Switzerland;005;Misc. services;RS;Registered share;Villars;SR;Swiss Reporting Standard;CSCH;19960802;19960802;;1;LA;LA;2;1;900;2;1;DS;44;CHF;105000;1;;1374;1
VON ROLL I;VON ROLL P;Von Roll Holding AG, Breitenbach;Von Roll Holding S.A., Zürich;CH0003245351;ROL;ROL;324535;CHF;XSWX;CH;Switzerland;012;Misc. Industrials;BS;Bearer share;Von Roll;SR;Swiss Reporting Standard;UBSZH1;19960802;19960802;;1;LB;LB;10;1;300;2;1;DS;0.1;CHF;356558804;1;;10080;1
VONTOBEL N;VONTOBEL N;Vontobel Holding AG, Zürich;Vontobel Holding AG, Zürich;CH0012335540;VONN;VONN;1233554;CHF;XSWX;CH;Switzerland;001;Banks;RS;Registered share;Vontobel AG;IR;International Reporting Standard;JVCZH;20010608;20010611;;1;LD;LD;2;1;900;2;1;DS;1;CHF;56875000;1;;25139;1
VZ HOLDING N;VZ HOLDING N;VZ Holding AG;VZ Holding AG;CH0528751586;VZN;VZN;52875158;CHF;XSWX;CH;Switzerland;005;Misc. services;RS;Registered share;VZ Holding AG;IR;International Reporting Standard;UBSZH1;20200420;20200421;;1;LC;LC;2;1;900;2;1;DS;0.05;CHF;40000000;1;;3481301;1
WALLISER KB N;WALLISER KB N;Walliser Kantonalbank, Sitten;Walliser Kantonalbank, Sitten;CH0305951201;WKBN;WKBN;30595120;CHF;XSWX;CH;Switzerland;001;Banks;RS;Registered share;Walliser Kantonalbank;SR;Swiss Reporting Standard;N/A;20160115;20160118;;1;LB;LB;2;1;900;2;1;DS;10;CHF;15800000;1;;3293347;1
WARTECK N;WARTECK N;Warteck Invest AG, Basel;Warteck Invest S.A., Bale;CH0002619481;WARN;WARN;261948;CHF;XSWX;CH;Switzerland;028;Real-estate companies;RS;Registered share;Warteck;IG;Standard for Real Estate Companies;UBSZH2;19960802;19960802;;1;LB;LB;2;1;900;2;1;DS;10;CHF;247500;1;;10376;1
WISeKey N;WISeKey N;WISeKey Internatinal Holding Ltd, Zug;WISeKey Internatinal Holding Ltd, Zug;CH0314029270;WIHN;WIHN;31402927;CHF;XSWX;CH;Switzerland;005;Misc. services;RS;Registered share;WISeKey Internat.;IR;International Reporting Standard;N/A;20160330;20160331;;1;LB;LB;10;1;300;2;1;DS;0.05;CHF;54438345;1;;3302068;1
YPSOMED HLDG;YPSOMED HLDG;Ypsomed Holding AG, Burgdorf;Ypsomed Holding AG, Burgdorf;CH0019396990;YPSN;YPSN;1939699;CHF;XSWX;CH;Switzerland;008;Chemicals, Pharma;RS;Registered share;Ypsomed;SR;Swiss Reporting Standard;CSCH;20040921;20040922;;1;LC;LC;2;1;900;2;1;DS;14.15;CHF;12649739;1;;32888;1
ZEHNDER N;ZEHNDER N;Zehnder Group AG, Gränichen;Zehnder Group AG, Gränichen;CH0276534614;ZEHN;ZEHN;27653461;CHF;XSWX;CH;Switzerland;006;Machinery;RS;Registered share;Zehnder;SR;Swiss Reporting Standard;N/A;20150424;20150427;;1;LC;LC;2;1;900;2;1;DS;0.05;CHF;9756000;1;;3262810;1
ZUEBLIN IMM N;ZUEBLIN IMM N;Züblin Immobilien Holding AG,  Zürich;Züblin Immobilien Holding AG, Zürich;CH0312309682;ZUBN;ZUBN;31230968;CHF;XSWX;CH;Switzerland;028;Real-estate companies;RS;Registered share;Züblin Immobilien;IG;Standard for Real Estate Companies;UBSZH1;20160303;20160304;;1;LA;LA;2;1;900;2;1;DS;22.5;CHF;3318027;1;;3300029;1
ZUG ESTATES HOLDING AG;ZUG ESTATES HOLDING AG;Zug Estates Holding AG, Zug;Zug Estates Holding AG, Zug;CH0148052126;ZUGN;ZUGN;14805212;CHF;XSWX;CH;Switzerland;028;Real-estate companies;RS;Registered share;Zug Estates;IG;Standard for Real Estate Companies;N/A;20120629;20120702;;1;LB;LB;2;1;900;2;1;DS;25;CHF;460340;1;;3133709;1
ZUGER KB N;ZUGER KB N;Zuger Kantonalbank;Zuger Kantonalbank;CH0493891243;ZUGER;ZUGER;49389124;CHF;XSWX;CH;Switzerland;001;Banks;RS;Registered share;Zuger Kantonalbank;SR;Swiss Reporting Standard;N/A;20200107;20200108;;1;LB;LB;2;1;900;2;1;DS;500;CHF;288288;1;;3456014;1
ZUR ROSE GROUP N;ZUR ROSE GROUP N;Zur Rose Group AG, Steckborn;Zur Rose Group AG, Steckborn;CH0042615283;ROSE;ROSE;4261528;CHF;XSWX;CH;Switzerland;008;Chemicals, Pharma;RS;Registered share;Zur Rose Group AG;IR;International Reporting Standard;N/A;20170705;20170706;;1;LC;LC;2;1;900;2;1;DS;30;CHF;10526366;1;;3349620;1
ZWAHLEN I;ZWAHLEN P;Zwahlen & Mayr AG, Aigle;Zwahlen & Mayr AG, Aigle;CH0002661731;ZWM;ZWM;266173;CHF;XSWX;CH;Switzerland;011;Building contractors & materials;BS;Bearer share;Zwahlen & Mayr;SR;Swiss Reporting Standard;BCVLA;19960802;19960802;;1;LA;LA;2;1;900;2;1;DS;200;CHF;40200;1;;2375;1
